id,status,title,subtitle,description,author,authors_mentioned,house,type,form,genre,themes,tone,complexity,pages,year_published,series,series_number,date_started,date_finished,approximate_time_to_read_in_days,times_read,user_rate,would_read_again,notes
1,read,Η τέχνη των Στωικών,Ένας διαφωτιστικός οδηγός για τον ρόλο του στωικισμού στη σύγχρονη ζωή,"Presenting philosophy as an art concerned with one's way of life, Sellars draws on Socratic and Stoic philosophical resources and argues for the ancient claim that philosophy is primarily expressed in one's behaviour. The book considers the relationship between philosophy and biography, and the bearing that this relationship has on debates concerning the nature and function of philosophy. Questioning the premise that philosophy can only be conceived as a rational discourse, Sellars presents it instead as an art (techne) that combines both 'logos' (rational discourse) and 'askesis' (training), and suggests that this will make it possible to understand better the relationship between philosophy and biography. The first part of this book outlines the Socratic conception of philosophy as an art and the Stoic development of this idea into an art of living, as well as considering some of the ancient objections to the Stoic conception. Part Two goes on to examine the relationship between philosophical discourse and exercises in Stoic philosophy. Taking the literary form of such exercises as central, the author analyses two texts devoted to philosophical exercises by Epictetus and Marcus Aurelius",John Sellars,"['Marcus Aurelius', 'Epictetus', 'Seneca']",Διόπτρα,Non-Fiction,Essay,Philosophy,"['stoicism', 'philosophy as a way of life', 'ethics', 'self-discipline']","['reflective', 'analytical']",4,,2003,,,,,3,2,5,1,
2,to_read,Assassinio sull'Orient Express,,"A group of passengers trapped on the Orient Express in a snow storm with a murdered body and a Belgian detective to keep them company: Murder on the Orient Express is one of Agatha Christie’s most famous stories. It's an intricate mystery revolving around a group of characters cut off from the world where Poirot exhibits not only the power of his little grey cells but his concern and compassion for humanity. The underlying plot of the story was one Agatha Christie pulled from the headlines at the time, the abduction of Charles Lindbergh’s son, a traumatic real-life mystery involving murder and extortion that had yet to be solved when Murder on the Orient Express was published. As for the setting, Christie had long professed a love of the Orient Express, finally achieving her dream of travelling on it in 1928 with her first solo trip abroad. In writing the story, she painstakingly noted the details of the carriages; clues such as the position of door handles would prove vital to Poirot’s investigation. Several fans, in fact, have followed in Christie’s footsteps, double-checking her descriptions.",Agatha Christie,,Mondadori,Fiction,Novel,Crime,"['murder mystery', 'justice', 'closed-circle setting', 'train travel']","['suspenseful', 'classic']",2,,1934,Hercule Poirot,10,,,,0,,,
3,read,Το χαμένο σύμβολο,,"Μόλις φτάνει στο Καπιτώλιο, στην Ουάσινγκτον, προκειμένου να δώσει μια διάλεξη, ο Ρόμπερτ Λάνγκντον έρχεται αντιμέτωπος με ένα παράξενο αντικείμενο στο οποίο βρίσκονται χαραγμένα πέντε σύμβολα. Πρόκειται για ένα είδος πρόσκλησης από αρχαίους καιρούς, και ο παραλήπτης είναι αναπόφευκτο να οδηγηθεί σε έναν κόσμο απόκρυφης και εσωτερικής σοφίας, χαμένο προ πολλού. Όταν ο Πίτερ Σόλομον πέφτει θύμα απαγωγής, ο Λάνγκντον καταλαβαίνει ότι ο μόνος τρόπος να σώσει τον φίλο και μέντορά του είναι να δεχτεί την πρόσκληση-πρόκληση του αντικειμένου, να σπάσει τον κώδικα και να ακολουθήσει τα ίχνη ως το τέλος. Έτσι, δεν αργεί να μπλεχτεί σε έναν λαβύρινθο από στοές, κρυμμένους ναούς και αθέατες κρύπτες κάτω από την Ουάσινγκτον. Σε αυτό το σκοτεινό και επικίνδυνο σύμπαν κυριαρχούν τα ανεξιχνίαστα μυστικά των Μασόνων και οι αποκαλύψεις του Λάνγκντον οδηγούν σε μια ασύλληπτη και αμείλικτη αλήθεια. Μυστηριώδεις θρύλοι, αινιγματικοί κώδικες, σύμβολα αποκρυφισμού και μια ιστορία που κόβει την ανάσα· αυτό είναι το εκρηκτικό κοκτέιλ που αποτελεί Το Χαμένο σύμβολο.",Dan Brown,,Ψυχογιός,Fiction,Novel,Thriller,"['freemasonry', 'secret societies', 'symbols and codes', 'esoteric knowledge']","['suspenseful', 'fast-paced']",2,664,2009,Robert Langdon,3,,,7,1,5,1,
4,read,Άγγελοι και δαίμονες,,"Ο διακεκριμένος φυσικός Δρ Βέτρα βρίσκεται νεκρός, με ένα μυστηριώδες σύμβολο χαραγμένο με πυρακτωμένο μέταλλο στον θώρακά του. Στο ερευνητικό κέντρο στην Ελβετία, τον τόπο της φριχτής δολοφονίας, καλείται ο διάσημος καθηγητής συμβολολογίας Ρόμπερτ Λάνγκντον για να διαλευκάνει το μυστήριο. Το σύμβολο που αντικρίζει τον φέρνει αντιμέτωπο με μια τρομακτική πιθανότητα: την επάνοδο μιας πανίσχυρης μυστικής αδελφότητας, τους Πεφωτισμένους. Ο Λάνγκντον φοβάται ότι η κίνηση αυτή σηματοδοτεί απλώς την αρχή ενός σατανικού σχεδίου, με στόχο τον αρχέγονο εχθρό της αδελφότητας, την Καθολική Εκκλησία. Οι φόβοι του επιβεβαιώνονται την παραμονή της συνεδρίασης του Κονκλάβιου, όταν αγγελιαφόρος των Πεφωτισμένων φέρνει ένα εφιαλτικό μήνυμα: την τοποθέτηση ωρολογιακής βόμβας στην καρδιά του Βατικανού. Τότε ο Λάνγκντον, με τη βοήθεια της φυσικού Βιτόρια Βέτρα, θα ξεχυθεί σε μια ανελέητη αναζήτηση για να ανακαλύψει, μέσα από κρύπτες και κατακόμβες, εγκαταλελειμμένους ναούς και κρυφά μαυσωλεία, ένα μονοπάτι 400 ετών γεμάτο αρχαία σύμβολα, που εκτείνεται σε όλη τη Ρώμη και οδηγεί στο χαμένο άντρο του τάγματος: τη μόνη ελπίδα για αναχαίτιση του εκρηκτικού σχεδίου και τη σωτηρία του Βατικανού. Το πρώτο θρίλερ του Νταν Μπράουν με ήρωα τον Ρόμπερτ Λάνγκντον. Ένα μοναδικό κράμα συναρπαστικής περιπέτειας κι εκλεπτυσμένης ίντριγκας, σε συνδυασμό με το αιχμηρό χιούμορ που συναντούμε στα μυθιστορήματα του κορυφαίου συγγραφέα, με φόντο την αιώνια μάχη μεταξύ επιστήμης και θρησκείας.",Dan Brown,,Ψυχογιός,Fiction,Novel,Thriller,"['science vs religion', 'secret societies', 'Vatican and the Church', 'symbols and codes']","['suspenseful', 'fast-paced']",2,584,2000,Robert Langdon,1,,,7,1,5,1,My favourite book of all times
5,read,Το μυστικό των μυστικών,,"Ο πιο διάσημος συγγραφέας θρίλερ στον κόσμο επιστρέφει με το πιο εντυπωσιακό του μυθιστόρημα μέχρι σήμερα — ένα συναρπαστικό, γεμάτο ανατροπές και προβληματισμούς αριστούργημα που θα διασκεδάσει τους αναγνώστες όπως μόνο ο Dan Brown μπορεί.
Ο Ρόμπερτ Λάνγκντον, καταξιωμένος καθηγητής συμβολογίας, ταξιδεύει στην Πράγα για να παρακολουθήσει μια πρωτοποριακή διάλεξη της αγαπημένης του Κάθριν Σόλομον, μιας εξέχουσας επιστήμονος της νοητικής επιστήμης. Η Κάθριν ετοιμάζεται να εκδώσει ένα βιβλίο με συγκλονιστικές ανακαλύψεις για τη φύση της ανθρώπινης συνείδησης και απειλεί να ανατρέψει αιώνες καθιερωμένων πεποιθήσεων. Όμως, μια άγρια δολοφονία θα μετατρέψει το ταξίδι σε εφιάλτη. Η Κάθριν εξαφανίζεται ξαφνικά μαζί με το χειρόγραφό της και ο Λάνγκντον βρίσκεται στο στόχαστρο μιας πανίσχυρης οργάνωσης καθώς καταδιώκεται από κάποιον άγνωστο που φαίνεται να έχει ξεπηδήσει από την αρχαιότερη μυθολογία της Πράγας. Καθώς η πλοκή εκτείνεται στο Λονδίνο και τη Νέα Υόρκη, ο Λάνγκντον αναζητά απεγνωσμένα την Κάθριν... και τις απαντήσεις. Σε μια συναρπαστική κούρσα μέσα στους παράλληλους κόσμους της φουτουριστικής επιστήμης και της μυστικιστικής παράδοσης, θα αποκαλύψει μια συγκλονιστική αλήθεια για ένα μυστικό σχέδιο που θα αλλάξει για πάντα τον τρόπο που αντιλαμβανόμαστε το ανθρώπινο μυαλό.",Dan Brown,,Ψυχογιός,Fiction,Novel,Thriller,"['consciousness', 'science and mysticism', 'secret organizations', 'Prague folklore']","['suspenseful', 'fast-paced']",2,800,2025,Robert Langdon,6,,,7,1,4,0,
6,read,Inferno,,"Ψάξε και θα βρεις. Αυτή η φράση επιστρέφει διαρκώς, σαν ηχώ, στο μυαλό του διάσημου καθηγητή του Χάρβαρντ Ρόμπερτ Λάνγκτον, ο οποίος ξυπνά σε ένα θάλαμο νοσοκομείου, ανήμπορος να θυμηθεί πώς ακριβώς κατέληξε εκεί. Ούτε μπορεί να καταλάβει πώς βρέθηκε στο σακάκι του ένα μυστηριώδες, μακάβριο αντικείμενο. Έπειτα από μια επίθεση εναντίον του, ο Λάνγκτον και η νεαρή γιατρός Σιένα Μπρουκς μπλέκουν σε μια ανελέητη καταδίωξη στους δρόμους της Φλωρεντίας. Ο Λάνγκτον όμως γνωρίζει τα κρυφά περάσματα και τα αρχαία μυστικά της πόλης και αυτή είναι η μόνη ελπίδα να ξεφύγουν από τους άγνωστους διώκτες τους. Με οδηγό στίχους από τη ""Θεία Κωμωδία"" του Δάντη, ο Λάνγκτον και η Σιένα πρέπει να αποκρυπτογραφήσουν μια σειρά από κώδικες που κρύβονται σε περίφημα αναγεννησιακά έργα τέχνης - γλυπτά, πίνακες και κτίρια. Μόνο με τον τρόπο αυτόν μπορούν να βρουν τις απαντήσεις σε ένα γρίφο που ίσως τους βοηθήσει να σώσουν τον κόσμο από μια τρομερή απειλή... Εμπνευσμένο από το κορυφαίο αριστούργημα της παγκόσμιας λογοτεχνίας, το ""Inferno"" είναι το πιο συναρπαστικό, το πιο προκλητικό και το πλέον καταιγιστικό μυθιστόρημα που υπογράφει μέχρι τώρα ο Νταν Μπράουν, ένα θρίλερ που κόβει την ανάσα και διαβάζεται μονορούφι, από την πρώτη μέχρι την τελευταία σελίδα.",Dan Brown,,Ψυχογιός,Fiction,Novel,Thriller,"[""Dante's Divine Comedy"", 'Renaissance art', 'global threat', 'symbols and codes']","['suspenseful', 'fast-paced']",3,667,2013,Robert Langdon,4,,,7,1,5,1,
7,read,Κώδικας Da Vinci,,"Ο Ρόμπερτ Λάνγκντον, Καθηγητής Συμβολολογίας, βρίσκεται για επαγγελματικούς λόγους στο Παρίσι, όταν δέχεται ένα επείγον νυχτερινό τηλεφώνημα. Ο ηλικιωμένος έφορος του Λούβρου έχει δολοφονηθεί μέσα στο μουσείο και δίπλα στο πτώμα του βρίσκεται ένας γρίφος. Καθώς ο Λάνγκντον και μια προικισμένη Γαλλίδα αποκρυπτογράφος, η Σοφί Νεβέ, προσπαθούν να ξεδιαλύνουν τα παράξενα αινίγματα, ανακαλύπτουν έκπληκτοι μια σειρά από κρυμμένα στοιχεία στα έργα του Ντα Βίντσι. Τα πράγματα περιπλέκονται ακόμη περισσότερο όταν ο Λάνγκντον ανακαλύπτει κάτι απρόσμενο: Το θύμα είχε σχέση με το Κοινό της Σιών, μια μυστική οργάνωση της οποίας τα μέλη περιλάμβαναν, μεταξύ άλλων, τον Μποτιτσέλι, τον Βικτόρ Ουγκώ και τον Ντα Βίντσι. Σε μια απεγνωσμένη κούρσα μέσα στο Παρίσι και ακόμη παραπέρα, ο Λάνγκντον και η Νεβέ βρίσκονται αντιμέτωποι με έναν άγνωστο πανίσχυρο αντίπαλο που φαίνεται να προβλέπει κάθε κίνησή τους. Αν δεν καταφέρουν να αποκρυπτογραφήσουν τον γρίφο, τα έγγραφα του Κοινού της Σιών θα χαθούν για πάντα. Ένα συναρπαστικό βιβλίο που από την πρώτη σελίδα μέχρι το απρόβλεπτο τέλος του αποδεικνύει ότι ο Νταν Μπράουν είναι ένας αριστοτέχνης της μυθιστοριογραφίας.",Dan Brown,,Ψυχογιός,Fiction,Novel,Thriller,"['religious conspiracy', ""Da Vinci's art"", 'secret societies', 'symbols and codes']","['suspenseful', 'fast-paced']",2,584,2003,Robert Langdon,2,,,7,1,5,1,
8,to_read,Αρκτική παγίδα,,"Ένας δορυφόρος της NASA εντοπίζει ένα απίστευτο εύρημα θαμμένο στους πάγους της Αρκτικής, και η διαστημική υπηρεσία σπεύδει να το ανακηρύξει τη σπουδαιότερη ανακάλυψη του αιώνα. Η επιτυχία αυτή έρχεται σε μια καίρια συγκυρία, όπου η αξιοπιστία της NASA έχει πληγεί από αλλεπάλληλες αποτυχίες, ενώ επηρεάζει βαθύτατα και τις επερχόμενες προεδρικές εκλογές. Ο Πρόεδρος αποστέλλει την αναλύτρια πληροφοριών Ρέιτσελ Σέξτον για να επιβεβαιώσει τη γνησιότητα της ανακάλυψης. Μαζί με τον διακεκριμένο ωκεανογράφο Μάικλ Τόλαντ και μια ομάδα ειδικών, θα ανακαλύψει μια τρομακτική συνωμοσία, μια τεράστια απάτη, που απειλεί να τινάξει στον αέρα όλα τα επιστημονικά και πολιτικά δεδομένα. Προτού η Ρέιτσελ προλάβει να επικοινωνήσει με τον Πρόεδρο, εκείνη και ο Μάικλ δέχονται επίθεση από μια ομάδα αδίστακτων εκτελεστών, που θα κάνουν τα πάντα προκειμένου να κρύψουν την αλήθεια. Μόνη τους ελπίδα για σωτηρία είναι να βρουν ποιος κρύβεται πίσω από αυτή την πλεκτάνη. Και θα διαπιστώσουν ότι η αλήθεια είναι η μεγαλύτερη απάτη από όλες. Από τα άβατο των μυστικών υπηρεσιών και τους διαδρόμους του Λευκού Οίκου έως το παγωμένο τοπίο της Αρκτικής, ο Νταν Μπράουν υπογράφει ίσως το συναρπαστικότερο μυθιστόρημά του, με συνεχείς ανατροπές και δράση που κόβει την ανάσα.",Dan Brown,,Ψυχογιός,Fiction,Novel,Thriller,"['political conspiracy', 'science and deception', 'NASA', 'Arctic']","['suspenseful', 'fast-paced']",2,552,2001,,,,,,0,,,
9,read,Ψηφιακό οχυρό,,"Όταν ο ανίκητος υπολογιστής της NSA (Εθνικής Υπηρεσίας Ασφάλειας) των ΗΠΑ, που μπορεί να αποκρυπτογραφήσει τα πάντα, αδυνατεί να σπάσει έναν μυστηριώδη κωδικό, η Σούζαν Φλέτσερ, η ιδιοφυής και όμορφη αποκρυπτογράφος της υπηρεσίας, καλείται να αναλάβει την υπόθεση. Αυτό που ανακαλύπτει τρομάζει τους έχοντες την εξουσία. Η NSA είναι σε ομηρία... όχι από όπλα ή βόμβες αλλά από έναν κωδικό τόσο περίπλοκο που θα μπορούσε να την καταστρέψει. Εγκλωβισμένη σε μια καταιγίδα από μυστικά και ψέματα, η Φλέτσερ αγωνίζεται να σώσει την υπηρεσία. Προδομένη από τους πάντες, παλεύει όχι μόνο για την πατρίδα της αλλά και για την ίδια της τη ζωή. Πρόκειται για μια μάχη επιβίωσης, ένα στοίχημα να καταστρέψει το δημιούργημα ενός μεγαλοφυούς νου που απειλεί να εξαλείψει την ισορροπία των δυνάμεων του κόσμου... Για πάντα.",Dan Brown,,Ψυχογιός,Fiction,Novel,Thriller,"['cryptography', 'government surveillance', 'technology and privacy']","['suspenseful', 'fast-paced']",2,488,1998,,,,,14,1,3,0,Did not have the same emotion as while reading the lost symbol or inferno
10,read,Origin,,"ΟΠΟΙΟΣ ΚΙ ΑΝ ΕΙΣΑΙ.
Ο,ΤΙ ΚΙ ΑΝ ΠΙΣΤΕΥΕΙΣ.
ΤΑ ΠΑΝΤΑ ΠΡΟΚΕΙΤΑΙ ΝΑ ΑΛΛΑΞΟΥΝ.

Μπιλμπάο, Ισπανία.

Ο Ρόμπερτ Λάνγκτον, καθηγητής συμβολολογίας και θρησκευτικής εικονολογίας στο Χάρβαρντ, επισκέπτεται το μουσείο Γκούγκενχαϊμ για να παραστεί σε μια σημαντική ανακοίνωση για μια ανακάλυψη που «πρόκειται να αλλάξει για πάντα το πρόσωπο της επιστήμης». Ο οικοδεσπότης είναι ο Έντμοντ Κιρς, ένας σαραντάρης δισεκατομμυριούχος μελλοντιστής, με καταπληκτικές υψηλής τεχνολογίας εφευρέσεις και προκλητικές προβλέψεις που τον έχουν κάνει παγκοσμίως διάσημο. Ο Κιρς, που ήταν ένας από τους πρώτους μαθητές του Λάνγκτον στο Χάρβαρντ πριν από είκοσι χρόνια, πρόκειται να αποκαλύψει ένα εκπληκτικό επίτευγμα, που θα δώσει απαντήσεις σε δύο από τα πιο βασικά ερωτήματα σχετικά με την ανθρώπινη ύπαρξη.
Όμως η βραδιά σύντομα εξελίσσεται στο απόλυτο χάος, η ανακάλυψη του Κιρς κινδυνεύει να χαθεί για πάντα και ο Λάνγκτον αναγκάζεται να δραπετεύσει από το Μπιλμπάο, έχοντας μαζί του την Άμπρα Βιδάλ, την όμορφη διευθύντρια του μουσείου, και να καταφύγουν στη Βαρκελώνη σε μια προσπάθεια να εντοπίσουν τον κρυφό κωδικό πρόσβασης που θα ξεκλειδώσει το μυστικό του Κιρς.

Μέσα από τους σκοτεινούς διαδρόμους της κρυμμένης ιστορίας και της θρησκείας, ακολουθώντας ίχνη της σύγχρονης τέχνης και αινιγματικά σύμβολα, ο Λάνγκτον και η Βιδάλ πρέπει να ξεφύγουν από έναν βασανισμένο εχθρό, η δύναμη του οποίου φαίνεται να προέρχεται από τα ίδιο τα Βασιλικά Ανάκτορα της Ισπανίας και που δε θα σταματήσει μπροστά σε τίποτα προκειμένου να κάνει τον Κιρς να σιωπήσει.

Το πιο ευφάνταστο και ιδιοφυές μυθιστόρημα του Dan Brown.",Dan Brown,,Ψυχογιός,Fiction,Novel,Thriller,"['science vs religion', 'artificial intelligence', 'origins of humanity', 'secret societies']","['suspenseful', 'fast-paced']",2,672,2017,Robert Langdon,5,,,9,1,5,1,
11,to_read,Ανάμεσα σε ηλίθιους,,"Do you ever think you’re the only one making any sense? Or tried to reason with your partner with disastrous results? Do long, rambling answers drive you crazy? Or does your colleague’s abrasive manner rub you the wrong way?

You are not alone. After a disastrous meeting with a highly successful entrepreneur, who was genuinely convinced he was ‘surrounded by idiots’, communication expert and bestselling author, Thomas Erikson dedicated himself to understanding how people function and why we often struggle to connect with certain types of people.

Surrounded by Idiots is an international phenomenon, selling over 1.5 million copies worldwide. It offers a simple, yet ground-breaking method for assessing the personalities of people we communicate with – in and out of the office – based on four personality types (Red, Blue, Green and Yellow), and provides insights into how we can adjust the way we speak and share information.

Erikson will help you understand yourself better, hone communication and social skills, handle conflict with confidence, improve dynamics with your boss and team, and get the best out of the people you deal with and manage. He also shares simple tricks on body language, improving written communication, advice on when to back away or when to push on, and when to speak up or shut up. Packed with ‘aha!’ and ‘oh no!’ moments, Surrounded by Idiots will help you understand and communicate with those around you, even people you currently think are beyond all comprehension.",Thomas Erikson,,Διόπτρα,Non-Fiction,Guide,Self-Help,"['communication', 'personality types', 'conflict resolution', 'social skills']","['practical', 'insightful']",2,368,2014,,,,,,0,,,
12,read,The Mountain is you,,"A self‑help guide that explores how self‑sabotage functions as an internal obstacle and offers strategies to transform it into personal growth. Wiest blends psychology, personal development, and practical exercises to help readers confront and overcome their internal barriers.",Brianna Wiest,,,Non-Fiction,Guide,Self-Help,"['self‑sabotage', 'personal growth', 'mindset', 'emotional resilience']","['motivational', 'insightful']",2,,2020,,,,,7,1,4,1,The only thing I did not like is the positivity focus
13,to_read,Η τέχνη τησ Ηγεσίας,,The book extracts modern leadership lessons from the life and strategies of Julius Caesar. It combines historical analysis with practical insights for contemporary leaders. The narrative is concise and evidence‑based.,Phillip Barlag,['Julius Caesar'],,Non-Fiction,Guide,Leadership,"['history', 'leadership', 'strategy', 'ancient Rome', 'personal development']","['insightful', 'practical']",2,,2016,,,,,,0,,,
14,read,Οι αριθμοί δεν λένε ψέματα,,"In Numbers Don't Lie, Vaclav Smil uses striking statistics and clear graphics to illuminate everyday phenomena—from air travel safety to global cattle biomass and the sources of human happiness. The book surveys a wide range of topics, encouraging readers to look beyond anecdotes and consider the quantitative foundations of modern life.",Vaclav Smil,,,Non-Fiction,Guide,Science,"['statistics', 'environment', 'human behavior', 'energy', 'policy']","['informative', 'analytical']",3,,2021,,,,,14,1,3,0,Not very interesting in terms of mathematics
15,to_read,Σκέψου σαν Ρωμαίος Αυτροκράτορας,,"The book blends modern cognitive‑behavioral therapy with the ancient Stoic teachings of Marcus Aurelius, offering practical exercises for everyday challenges. It presents the emperor’s mindset as a toolkit for resilience, emotional regulation, and rational decision‑making.",Donald J. Robertson,"['Marcus Aurelius', 'Epictetus', 'Seneca']",,Non-Fiction,Guide,Philosophy,"['Stoicism', 'cognitive‑behavioral therapy', 'personal growth', 'resilience', 'ancient wisdom']","['practical', 'insightful']",2,,2019,,,,,,0,,,
16,to_read,Ηλέκτρα,,"Electra is an ancient Greek tragedy that recounts the story of Electra and her brother Orestes seeking revenge for their father's murder. The play explores themes of justice, familial duty, and the consequences of vengeance. Euripides presents a nuanced portrayal of the characters' psychological struggles.",Euripides,,,Fiction,Play,Tragedy,"['revenge', 'family', 'justice', 'psychology', 'fate']","['dramatic', 'intense']",4,,,,,,,,0,,,
17,to_read,Αντιγόνη,,"Publisher's description: Echoing through western culture for more than two millennia, Sophocles' play has been a touchstone of thinking about human conflict and human tragedy, the role of the divine in human life, and the degree to which men and women are the creators of their own destiny. This exciting new translation of the Antigone is both extremely faithful to the Greek and poetically striking and convincing.",Sophocles,,,Fiction,Play,Tragedy,"['family', 'law', 'rebellion', 'fate', 'morality']","['dramatic', 'intense']",4,94,,,,,,,0,,,
18,to_read,Πλάτωνας 80 μαθήματα φιλοσοφίας για τη ζωή,,"This book presents eighty concise lessons drawn from Plato's thought, aimed at applying ancient philosophy to modern everyday life. Each chapter offers practical reflections on topics such as love, virtue, and the good life, making Platonic ideas accessible to a wide audience.",Allan Persy,['Plato'],,Non-Fiction,Guide,Philosophy,"['Plato', 'ancient philosophy', 'personal growth', 'ethics', 'practical wisdom']","['reflective', 'practical']",2,,2018,,,,,,0,,,
19,to_read,Ο Ηγεμόνας,,"A concise treatise on political power and statecraft that examines how rulers can acquire, maintain, and expand authority. It draws on historical examples to outline pragmatic strategies for governance. The work has become a foundational text in political theory.",Niccolò Machiavelli,"['Plato', 'Aristotle', 'Julius Caesar', 'Cicero']",,Non-Fiction,Treatise,Political Philosophy,"['power', 'politics', 'statecraft', 'leadership', 'ethics']","['pragmatic', 'analytical']",4,157,1532,,,,,,0,,,
21,read,"Το μηδέν, το άπειρο, και το ζόρικο 13",,"A popular-science exploration of some of the most intriguing numbers, tracing their mathematical properties and cultural histories. The book blends anecdotes, historical context, and elementary explanations to make the subject accessible to a broad audience.",Albrecht Beutelspacher,,,Non-Fiction,Guide,Science,"['numbers', 'history of mathematics', 'mathematical concepts', 'culture', 'education']","['informative', 'engaging']",3,,2009,,,,,5,1,4,1,Very nice book regarding the numbers and their stories
22,to_read,Macbeth,,"The play concerns a trusted general who secretly lusts for power. Encouraged by the prophecies of three witches and urged on by his ambitious wife Macbeth commits regicide. Left fearful and superstitious by this desperate act he is driven to a spiralling course of murder and outrage, almost inevitably culminating in his own death. One of Shakespeare’s most popular tragedies, Macbeth is ostensibly based on the Scottish king although the story represented in the play bears no relation to historical fact as the true King Macbeth was well respected by his contemporaries. This book includes the hero Macbeth becoming more and more evil after he gets told his ""destiny"" by the witches and becomes greedy with power.",William Shakespeare,,,Fiction,Play,Tragedy,"['ambition', 'guilt', 'power', 'supernatural', 'madness']","['dark', 'intense', 'poetic']",4,135,1623,,,,,,0,,,
23,read,Chemistry for Breakfast,,A popular‑science book that explains everyday phenomena—from coffee to emotions—through the lens of chemistry. The author uses clear examples and illustrations to show how chemical principles shape daily life.,Mai Thi Nguyen-Kim,,,Non-Fiction,Guide,Science,"['everyday chemistry', 'science communication', 'daily life', 'illustrated', 'curiosity']","['engaging', 'informative']",3,,2019,,,,,7,1,4,0,It was fun and explained chemistry very well but I am not a huge fan of chemistry
24,to_read,Becoming a Data Head,,"The book introduces fundamental concepts of data science, statistics, and machine learning for a broad audience. It aims to help readers think and communicate effectively about data-driven topics in the workplace. Practical examples and clear explanations make the material accessible to beginners and intermediate learners.","Alex J. Gutman, Jordan Goldmeier",,,Non-Fiction,Guide,Science,"['data science', 'statistics', 'machine learning', 'communication', 'career development']","['informative', 'practical']",3,,2021,,,,,,0,,,
25,read,Data Science,,"A concise introduction to the emerging field of data science. It explains the evolution of the discipline, its relationship to machine learning, current applications, infrastructure challenges, and ethical considerations.",John D. Kelleher and Brendan Tierney,,,Non-Fiction,Guide,Science,"['data science', 'statistics', 'machine learning', 'ethics', 'career development']","['informative', 'practical']",3,,2018,,,,,7,1,5,1,Top book for people entering the field of Data Science
26,to_read,Η αρχή,,"A popular‑science overview of the history of the universe from the Big Bang to the present day. Tyson weaves together astronomy, geology, biology and physics to explain how cosmic and earthly processes are interconnected. The book presents recent discoveries in an accessible, story‑driven style.",Neil deGrasse Tyson,,,Non-Fiction,Guide,Science,"['cosmology', 'cosmic evolution', 'astronomy', 'history of the universe', 'science communication']","['informative', 'engaging']",3,,2020,,,,,,0,,,
27,to_read,Οι μάγισσες της Σμύρνης,,"Set in Smyrna in 1887, the novel follows Katina, a cunning local woman who learns the secrets of witchcraft from a Turkish mentor. As she explores love, power, and the occult, she navigates the city's social hierarchies and her own ambitions.",Mara Meimaridi,,,Fiction,Novel,Historical fiction,"['magic', 'romance', '19th‑century Istanbul', 'feminism', 'social ambition']","['atmospheric', 'sensual']",3,,2020,,,,,,0,,,
28,to_read,Τ'αποτυπώματα,,A collection of contemporary Greek short prose pieces that explore everyday life in Cyprus through vivid observation and subtle humor. The texts capture fleeting moments and personal impressions of the island's social fabric.,Andreas Anastasios Panagidis,,,Fiction,Short stories,Literary fiction,"['Cyprus', 'memory', 'everyday life', 'identity', 'social observation']","['reflective', 'humorous']",3,,2005,,,,,,0,,,
29,read,The concise book of Power,,"A condensed version of Robert Greene's bestselling guide to acquiring, maintaining, and understanding power. The book distills historical anecdotes and strategic principles into bite‑size lessons. It offers practical advice for navigating social and professional dynamics.",Robert Greene,,,Non-Fiction,Guide,Self‑help,"['power', 'strategy', 'manipulation', 'history', 'psychology']","['analytical', 'pragmatic']",3,,1998,,,,,14,1,5,1,
30,read,Manifest,,"Manifest is a practical self‑help guide that outlines a seven‑step method for manifesting one’s desires. It combines motivational advice with actionable techniques to help readers clarify goals, overcome limiting beliefs, and align actions with their aspirations. The book is aimed at readers seeking personal development and greater life satisfaction.",Roxie Nafousi,,,Non-Fiction,Guide,Self‑help,"['personal development', 'law of attraction', 'goal setting', 'mindset', 'motivation']","['inspirational', 'practical']",2,184,2023,,,,,14,1,4,1,
31,read,Psychology of Money,,"Timeless lessons on wealth, greed, and happiness doing well with money isn’t necessarily about what you know. It’s about how you behave. And behavior is hard to teach, even to really smart people. How to manage money, invest it, and make business decisions are typically considered to involve a lot of mathematical calculations, where data and formulae tell us exactly what to do. But in the real world, people don’t make financial decisions on a spreadsheet. They make them at the dinner table, or in a meeting room, where personal history, your unique view of the world, ego, pride, marketing, and odd incentives are scrambled together. In the psychology of money, the author shares 19 short stories exploring the strange ways people think about money and teaches you how to make better sense of one of life’s most important matters.",Morgan Housel,,,Non-Fiction,Essay,Finance,"['behavioral economics', 'wealth', 'decision making', 'financial habits', 'risk']","['insightful', 'conversational']",3,288,2020,,,,,28,1,4,0,
32,read,Einstein 85 Lessons,,A concise guide that presents 85 short lessons inspired by Albert Einstein's approach to problem solving and life. Each lesson offers practical advice and reflections that can be applied to personal and professional challenges. The book combines biographical anecdotes with self‑help principles.,Allan Percy,['Albert Einstein'],,Non-Fiction,Guide,Self‑help,"['wisdom', 'problem solving', 'science', 'motivation', 'personal development']","['inspirational', 'practical']",2,,2015,,,,,7,1,5,1,A book that makes your mind dive into logic and wisdom
33,to_read,The Subconscious,,"The book presents a technique for accessing the subconscious mind to overcome obstacles, improve health, and achieve personal goals. It combines scientific insights with practical exercises designed for everyday use. The author argues that reshaping subconscious patterns can lead to lasting change.",Dr. Mike Dow,,,Non-Fiction,Guide,Self‑help,"['personal development', 'mindset', 'subconscious', 'goal achievement', 'well‑being']","['inspirational', 'practical']",2,263,2019,,,,,,0,,,
34,to_read,Intelligenza Artificiale,,,Internazionale,,,,,,,,,,,,,,,,0,,,
35,to_read,Το κοιμητήριο της Πράγας,,"""19th-century Europe--from Turin to Prague to Paris--abounds with the ghastly and the mysterious. Jesuits plot against Freemasons. In Italy, republicans strangle priests with their own intestines. In France, during the Paris Commune, people eat mice, plan bombings and rebellions in the streets, and celebrate Black Masses. Every nation has its own secret service, perpetrating conspiracies and even massacres. There are false beards, false lawyers, false wills, even false deaths. From the Dreyfus Affair to the Protocols of the Elders of Zion, the Jews are blamed for everything. One man connects each of these threads into a massive crazy-quilt conspiracy within conspiracies. Here, he confesses all, thanks to Umberto Eco's ingenious imagination--a thrill-ride through the underbelly of actual, world-shattering events. ""--",Umberto Eco,"['Karl Marx', 'Friedrich Nietzsche', 'Victor Hugo', 'Giuseppe Mazzini']",,Fiction,Novel,Historical thriller,"['conspiracy', 'forgery', 'politics', 'semiotics', 'history']","['dark', 'scholarly', 'intricate']",4,521,2010,,,,,,0,,,
